资料来源与核验,,,
资料名,覆盖内容,路径,使用建议
AI客服_02,产品定义、29/36/48/70、1-6系、材料、防护、选型规则,E:\Documents\Codex\机器人管线包基础知识\AI客服_管线包选型知识库\02_产品与选型知识.md,优先使用；客户版
数据核验清单,已验证/推算/待确认标记,E:\Documents\Codex\机器人管线包基础知识\AI客服_管线包选型知识库\数据核验清单_20260819.md,使用前先看状态
材料通用物性,CPP/SDP/固定座/PVC废止口径,E:\Documents\Codex\机器人管线包基础知识\AI客服_管线包选型知识库\材料通用物性对照_待确认_20260911.md,材料核心口径
技术设计知识库,设计模块、计算公式、参数分类,E:\Documents\Codex\机器人管线包基础知识\技术设计知识库_重新设计方案.md,内部设计参考
管线包方案汇总,机器人型号与已有方案矩阵,H:\work\02 技术中心\01_管线包选型知识库\2 资料库-方案+BOM\管线包方案汇总.xlsx,方案存在不等于已交付
T/QGCML 3327-2024,配套件基础的材质、尺寸、行程,H:\work\网站\资质证书\工业机器人管线包安装规范.pdf,团体标准原文
2024选型手册,对外产品手册,H:\work\01 销售中心\02_产品与解决方案\大盛TYSEM®管线包 选型手册（2024版）.v3.pdf,正式对外资料
机器人型号主数据,21品牌/609条/0重复,E:\Documents\Codex\自动零件号\各品牌机器人型号汇总表_官网核对版_v9.xlsx,型号存在≠已有方案
旧文章知识库,历史素材和项目资料,E:\Documents\Codex\机器人管线包基础知识\知识库_机器人管线包技术知识_完整版.md,含旧口径和竞品资料，不作最终参数依据
